,12-Mar,13-Mar,14-Mar,15-Mar,16-Mar,17-Mar,18-Mar,19-Mar,20-Mar,21-Mar,22-Mar,23-Mar,24-Mar,25-Mar,26-Mar,27-Mar,28-Mar,29-Mar,30-Mar,31-Mar,1-Apr,2-Apr,3-Apr,4-Apr,5-Apr,6-Apr,7-Apr,8-Apr,9-Apr,10-Apr,11-Apr,12-Apr,13-Apr,14-Apr,15-Apr,16-Apr,17-Apr,18-Apr,19-Apr,20-Apr,21-Apr,22-Apr,23-Apr,24-Apr,25-Apr,26-Apr,27-Apr,28-Apr,29-Apr,30-Apr,1-May,2-May,3-May,4-May,5-May,6-May,7-May,8-May,9-May,10-May,11-May,12-May,13-May,14-May,15-May,16-May,17-May,18-May,19-May,20-May,21-May,22-May,23-May,24-May,25-May,26-May,27-May,28-May,29-May,30-May,31-May,1-Jun,2-Jun,3-Jun,4-Jun,5-Jun,6-Jun,7-Jun,8-Jun,9-Jun,10-Jun,11-Jun,12-Jun,13-Jun,14-Jun,15-Jun,16-Jun,17-Jun,18-Jun,19-Jun,20-Jun,21-Jun,22-Jun,23-Jun,24-Jun,25-Jun,26-Jun,27-Jun,28-Jun,29-Jun,30-Jun,1-Jul,2-Jul,3-Jul,4-Jul,5-Jul,6-Jul,7-Jul,8-Jul,9-Jul,10-Jul,11-Jul,12-Jul,13-Jul,14-Jul,15-Jul,16-Jul,17-Jul,18-Jul,19-Jul,20-Jul,21-Jul,22-Jul,23-Jul,24-Jul,25-Jul,26-Jul,27-Jul,28-Jul,29-Jul,30-Jul,31-Jul,1-Aug,2-Aug,3-Aug,4-Aug,5-Aug,6-Aug,7-Aug,8-Aug,9-Aug,10-Aug,11-Aug,12-Aug,13-Aug,14-Aug,15-Aug,16-Aug,17-Aug,18-Aug,19-Aug,20-Aug,21-Aug,22-Aug,23-Aug,24-Aug,25-Aug,26-Aug,27-Aug,28-Aug,29-Aug,30-Aug,31-Aug,1-Sep,2-Sep,3-Sep,4-Sep,5-Sep,6-Sep,7-Sep,8-Sep,9-Sep,10-Sep,11-Sep,12-Sep,13-Sep,14-Sep,15-Sep,16-Sep,17-Sep,18-Sep,19-Sep,20-Sep,21-Sep,22-Sep,23-Sep,24-Sep,25-Sep,26-Sep,27-Sep,28-Sep,29-Sep,30-Sep,1-Oct,2-Oct,3-Oct,4-Oct,5-Oct,6-Oct,7-Oct,8-Oct,9-Oct,10-Oct,11-Oct,12-Oct,13-Oct,14-Oct,15-Oct,16-Oct,17-Oct,18-Oct,19-Oct,20-Oct,21-Oct,22-Oct,23-Oct,24-Oct,25-Oct,26-Oct,27-Oct,28-Oct,29-Oct,30-Oct,31-Oct,1-Nov,2-Nov
Alabama,0,5,7,22,29,39,52,78,106,125,157,196,242,386,530,624,698,818,924,970,1080,1229,1477,1589,1776,1934,2113,2412,2740,2908,3149,3470,3680,3819,4098,4247,4408,4556,4723,4894,5121,5375,5611,5797,5980,6179,6291,6488,6629,6776,6985,7302,7578,7794,8102,8328,8657,8972,9258,9476,9741,10009,10230,10608,10870,11169,11263,11577,11852,12207,12739,5178,5617,5976,6469,7119,6094,6584,7066,7674,7917,8446,8726,8859,7044,7341,7995,8457,8863,9357,7805,8664,9529,10431,11462,12129,12769,10705,11594,12391,12931,13410,13848,14479,12543,13699,14681,15584,15948,17701,18564,19474,17413,19175,20188,21297,22237,23133,24305,22843,24163,25616,27276,29263,30961,28803,30839,32840,34998,36803,38710,40189,38833,41239,43021,45163,46329,48162,49434,47936,49922,51901,53531,55637,56868,57893,56310,58261,59977,61860,63027,64712,65507,62823,63599,64359,65649,66514,67067,68436,66403,67360,67670,69440,69975,71641,72169,70862,72629,73779,75466,76824,77641,79207,76697,77744,78846,80261,80779,81449,82092,79839,80990,82115,83057,84183,84895,85576,79504,80176,81273,82587,83398,84228,85027,82223,83293,85783,86721,87463,88136,88700,86478,87530,88498,90200,91002,91554,92310,93246,90484,91983,93051,93881,94626,95762,93520,94675,95877,97184,98165,99023,100050,100972,102347,103618,105971,107050,108017,109106,103790,105230,106559,108313,110007,110914
Alaska,0,1,1,1,1,3,6,9,12,14,22,32,36,42,59,68,83,100,112,116,130,140,148,166,164,170,178,187,179,184,186,198,184,178,178,181,172,158,157,151,152,130,119,121,113,115,118,114,106,94,101,95,97,98,85,76,73,62,63,45,43,39,39,38,35,39,42,44,41,40,36,38,40,40,41,39,38,49,54,56,82,89,106,124,127,134,146,152,169,173,190,202,210,239,238,235,235,246,258,253,267,268,258,264,273,291,303,319,348,365,400,436,468,509,551,574,598,607,646,684,718,770,847,902,920,945,988,1019,1069,1144,1219,1286,1360,1375,1430,1503,1687,1784,1871,1921,1970,2069,2182,2324,2370,2382,2407,2397,2449,2525,2608,2672,2642,2674,2755,2854,2924,2994,3031,3057,3093,3163,3142,3145,3150,3104,3028,2959,3019,3062,3135,3150,3182,3208,3240,3336,3450,3518,3602,3635,3654,3717,3830,3918,4004,4066,4141,4158,4202,4306,4400,4472,4565,4634,4490,4482,4609,4425,4350,4252,4148,3800,3711,3581,3529,3533,3643,3699,3729,3816,3897,4012,4235,4462,4640,4684,4783,4819,4878,4880,5060,5235,5284,5427,5599,5780,6128,6644,6990,7302,7604,7932,8307,8740,9082,9425
Arizona,8,8,11,12,17,19,26,44,77,106,149,231,318,392,497,649,755,899,1134,1262,1381,1563,1725,1964,2185,2371,2482,2626,2909,2995,3265,3384,3540,3635,3750,4014,4268,4472,4675,4807,3888,4075,4365,4624,4852,4868,5058,5237,5423,5853,6133,6493,6731,6986,7278,7588,7741,8194,8552,8646,8063,8322,8653,9044,9444,9878,10183,10410,10788,11076,11478,11759,12166,12465,12435,12390,12559,12724,13063,13474,13762,13516,14545,15478,15993,17556,18645,20081,20867,21462,22906,24157,25794,27295,28172,29049,31280,32970,35309,38514,41264,43664,45663,49049,50575,53401,56534,59813,63394,66220,68172,72657,75531,79592,81845,85061,87795,90907,93848,97292,100957,103385,105401,106325,110082,112765,115437,118756,120874,122714,123881,126902,128342,130144,132988,136189,137732,139202,140900,142825,144814,147602,150191,151638,152654,152716,154049,155114,156157,156807,157246,157521,158436,158678,159675,160269,160823,161449,161699,162364,162690,163125,163480,164207,164185,164302,164955,164829,165271,165557,165949,166092,166123,166457,166775,167622,168126,168761,168826,168879,168821,169139,169419,169763,170185,170373,170428,170770,171286,172870,173965,174416,174707,174827,175295,175533,175900,176216,176474,176743,176889,177554,177596,178127,178517,178998,179210,179525,180054,180469,181124,181615,182299,182706,183004,183564,184277,185177,185686,186390,186938,187514,188395,189175,189958,190711,191378,192547,193169,194062,194834,195865,197205,198808,200333,200568
Arkansas,6,9,12,16,22,22,33,62,97,119,167,200,224,272,326,366,385,399,477,488,541,632,663,662,737,786,790,838,837,867,875,905,1040,1044,1080,1059,1095,1024,1048,1162,1179,1491,1671,1841,1920,2009,2011,1900,1916,1929,1321,1362,1405,1410,1413,1451,1498,743,743,865,856,907,921,1052,1038,1073,1139,1137,1247,1115,1574,1550,1647,1743,1750,1818,1824,1924,1796,1815,1950,2143,2229,2325,2477,2548,3003,2986,3098,3191,3238,3451,3932,4232,4395,4573,4531,4612,4546,4917,5054,5105,5296,5461,5818,5957,5979,6060,6204,6219,6276,6063,6418,6506,6534,6741,6480,6733,5912,6130,6238,6761,6869,6933,6993,6882,7033,7096,7358,8064,7662,7502,7388,7536,7570,7052,7163,7249,7149,7191,7186,7261,7304,7404,7526,7545,7602,7634,7849,8000,8096,8051,7568,8274,6687,5837,6686,7244,7098,6659,6690,6444,6643,6557,6436,6313,6784,6207,6168,6333,6321,6518,6324,5895,5875,6208,6647,6739,7096,6974,6760,6478,6120,6651,5983,6037,5895,5867,5915,6104,6162,6561,6689,6711,6588,6782,7066,7254,7419,7332,7147,6965,7016,7251,7338,7346,7230,6931,6717,6695,7079,7477,7744,7810,7846,7752,8015,8432,8618,8818,8912,8666,8430,8528,8738,9138,9544,9775,9580,9500,9315,9478,9809,10198,10433,10149
California,231,276,348,414,546,692,830,989,1184,1368,1724,2098,2520,2940,3940,4701,5434,6080,7076,7512,8791,9802,11196,12490,13856,14809,16202,17474,18559,19641,20700,21664,22577,23925,24741,25453,26911,28355,29042,31260,31164,32750,34599,36059,37513,38676,40089,41165,43500,44981,46552,47743,48977,46501,48395,49110,50258,51770,53933,54514,55597,56682,58150,59467,61086,62768,64219,63998,65722,67544,68859,70283,72047,73847,75012,75516,76116,77668,79772,82532,85065,86921,89184,90867,89164,90407,92484,94999,95975,97686,98601,100520,103102,105586,107913,108980,111399,114051,116649,118967,122273,125448,129920,134364,137687,141729,144537,148253,153001,158250,162143,167951,175698,181951,189770,195242,199094,203690,209754,214838,220715,227382,234328,239807,246843,252745,259832,264968,271352,278607,282657,289290,287712,293386,298576,307105,311554,313567,316237,318207,316593,318956,324258,328840,322770,322674,322790,325488,326395,330887,335974,340028,345278,346184,348761,354954,361711,366519,366590,365027,368159,370031,371197,374276,377998,376759,377230,366009,365627,365935,367505,369971,368645,368775,369058,369362,369779,372610,374527,374926,372281,371156,371605,370645,373048,374643,373422,372123,372549,373744,374275,373735,375575,376763,377169,377617,379186,380221,381347,383047,382945,383750,384612,386201,387179,389169,391328,390295,391616,392715,394800,396262,398183,400068,400631,401711,402875,403375,402193,403855,406538,408157,412792,414014,416870,420542,422871,424662,425298,427681,429570,432183,434690,436869,439426,440873
Colorado,49,76,100,130,159,181,219,274,359,471,585,713,901,1067,1406,1703,2017,2260,2576,2897,3262,3631,4062,4439,4770,4982,5210,5422,5936,6220,6579,6973,7340,7496,7425,7803,8158,8524,8810,9159,9402,9811,10151,11025,11737,12202,12614,13021,13433,13948,14389,14834,15234,15497,15902,16350,16868,17308,17849,18173,18280,18453,18718,19052,18660,18950,19232,19487,19734,20007,20390,20672,21146,21351,21445,21491,21653,21978,22455,22583,22861,23001,23135,23387,23621,23828,24002,24155,24269,24390,24501,24576,24739,24890,24962,23498,23564,23758,23895,24094,24142,24022,24010,24150,24245,24390,23646,23524,23604,23802,23998,23697,23514,23261,23130,22794,22763,22844,22977,22993,23262,23661,23015,22944,22910,23126,23227,23323,23766,24120,24093,24581,24793,24889,25095,25485,26032,26256,26564,26768,26752,27341,27793,28242,28070,28491,29083,29530,29982,30413,29413,29266,29476,29791,30247,30560,30214,30552,30486,30447,30334,30367,30239,30334,30509,30430,30690,30540,30397,30337,30324,30319,30322,30407,30350,30364,30488,30668,30784,30834,30871,30969,31058,31166,31471,31727,31964,32131,32484,32653,33093,33505,33839,34192,34579,34884,35113,35592,35890,36265,36475,36695,36884,37304,37727,38188,38514,38575,38780,39102,39293,39719,40416,40913,41057,41599,41729,42256,43114,43895,44409,44986,45554,46198,46901,47430,48709,50176,51635,52583,53643,54833,56777,59245,61553,63361
Connecticut,5,11,23,26,41,68,95,157,190,190,218,405,606,856,991,1264,1491,1959,2535,3059,3476,3718,4799,5130,5459,6684,7496,8447,9414,10107,11042,11512,12822,13351,13927,14963,15831,16529,16904,18569,19027,21034,21576,22279,22848,23479,24125,24366,24746,25598,26589,27020,26961,27794,28169,28461,29178,29734,30254,30794,30966,28642,29085,26270,26830,27399,28052,28714,29008,29543,29683,30064,30053,30485,30845,31252,31203,30564,30727,30945,31094,31618,31851,31769,31900,32092,32436,32571,32683,32758,32904,32561,32303,32584,32664,32713,32750,32792,32622,32657,32751,32782,32736,32777,32537,32531,32564,32510,32358,32414,31604,31193,30572,30006,30006,30006,29435,28709,27869,27111,26438,26438,26438,26638,25836,25934,25330,24596,24596,24596,23888,23929,23211,22357,21875,21875,21875,22077,21244,21321,20652,20201,20201,20201,19765,19155,18895,18915,18611,18611,18611,17968,17078,17094,16317,16429,16429,16429,14904,14332,13799,13214,12604,12604,12604,12060,11667,11478,11169,10918,10918,10918,10672,10620,10474,10396,10014,10014,10014,10014,9740,9477,9547,9667,9667,9667,9889,9799,9629,9757,9748,9748,9748,9977,10065,10060,10178,10264,10264,10264,10618,10732,10802,10916,11410,11410,11410,11969,12015,12137,12516,12554,12554,12554,13665,13906,14066,14230,14817,14817,14817,15765,16051,16459,16959,17473,17473,17473,19335,19323,19804,21118,21668,21668,21668,24014
Delaware,4,4,6,7,8,16,26,31,38,40,56,68,104,119,129,159,200,217,249,287,308,332,365,508,588,697,768,938,1013,1117,1255,1377,1443,1564,1614,1645,1839,2005,2005,2178,2284,2512,2573,2639,2655,3003,3041,3342,3338,3307,3356,3324,3391,3390,3337,3577,3627,3670,3828,3686,3721,3702,3763,3883,3892,3894,3902,4027,4188,3919,3939,3911,4070,4187,3940,3929,3843,3917,3777,3856,3866,3884,3870,3895,3798,3754,3759,3752,3782,3722,3704,3691,3697,3694,3670,3745,3723,3762,3718,3783,3852,3881,3926,3789,3786,3827,3849,3919,4054,4204,4298,4325,4543,4719,4773,4876,5003,5085,5096,5113,5186,5224,5167,5223,5267,5293,5324,5501,5554,5641,5741,5859,5406,5502,5700,5635,5715,5792,5788,5913,5968,6024,6080,6129,6203,6247,6370,6413,6465,6496,6535,6543,6589,6622,6787,7134,7154,7187,7230,7251,7268,7314,7331,7305,7359,7366,7349,7315,7271,7377,7359,7421,7443,7511,7476,7533,7564,7643,7738,7793,7779,7779,7826,7901,8050,8157,8229,8354,8426,8506,8545,8571,8646,8664,8722,8758,8830,8937,8982,9070,9178,9297,9355,9503,9617,9732,9792,9838,9830,9830,9885,9940,10007,10046,10140,10147,10140,10175,10244,10350,10410,10417,10412,10370,10448,10516,10557,10637,10751,10717,10770,10856,10973,11055,11125,11226
District Of Columbia,10,10,10,18,22,22,31,37,68,74,96,135,181,228,264,249,287,341,435,435,433,468,569,708,718,815,869,1052,1098,1196,1284,1332,1396,1473,1595,1717,1817,1967,2075,2192,2350,2434,2574,2724,2882,3006,3048,3144,3241,3439,3761,3891,4099,4246,4391,4376,4544,4770,4912,5069,5180,5263,5300,5412,5528,5669,5717,5850,5994,6085,6315,6406,6470,6598,6705,6814,6881,6959,6998,7155,7219,7273,7279,7406,7507,7582,7648,7700,7755,7836,7895,7944,8005,8055,8109,8141,8143,8169,8221,8267,8287,8315,8341,8375,8405,8434,8453,8474,8499,8541,8506,8361,8371,8383,8367,8381,8401,8434,8453,8449,8472,8516,8542,8582,8604,8646,8659,8675,8739,8797,8851,8915,8975,8970,1486,1533,1592,1637,1698,1692,1696,1725,1804,1818,1834,1852,1841,1837,1882,1939,2006,2028,2071,2066,2069,2108,2110,2130,2155,2131,2158,2088,2095,2130,2174,2200,2195,2194,2203,2236,2274,2266,2280,2292,2258,2272,2278,2304,2313,2338,2337,2320,2298,2351,2375,2402,2414,2441,2435,2408,2431,2460,2506,2501,2514,2500,2529,2550,2562,2589,2587,2559,2544,2528,2542,2592,2589,2610,2671,2715,2700,2753,2790,2816,2846,2848,2867,2847,2883,2900,2928,2930,2919,2918,2916,2939,2996,3021,2991,3047,3053,3104,3150,3272,3374,3348
Florida,33,48,73,111,155,211,320,408,552,647,994,1209,1447,1954,2455,3152,3982,4890,5633,6656,7678,8878,10120,11380,12064,13318,14401,15331,16418,17519,18436,19336,19984,20506,21359,22131,23453,24175,24976,25676,26448,27099,28118,28949,29248,29922,30522,31151,31453,31903,32901,33591,34195,34999,35472,35970,36740,37044,37444,38038,38412,33265,33700,34180,35072,35443,36217,37052,37502,37988,39150,39886,40523,41264,42133,41762,41934,42545,43715,44614,44767,44787,45338,46344,47729,48992,49359,49864,50013,51062,52024,53684,54698,57292,58312,59754,61874,64180,66798,69992,72996,75691,78100,80620,85200,89699,98659,107594,116150,120868,125909,131572,140832,149676,160552,169864,175495,181803,191039,199193,209956,219769,234538,246565,255214,264887,278161,289262,297299,309248,319058,327647,336985,346757,358376,369990,378704,386962,395645,404169,413339,421251,430031,436376,440270,445050,449792,456199,463019,470726,476188,479798,484927,492529,498304,504261,510077,514142,514579,516843,519541,522762,526201,529496,531399,532283,533152,534405,534951,536757,538114,537978,537249,537257,535782,535222,534849,535536,534887,531275,528171,521156,513983,508956,506841,503253,498493,491472,484258,475967,468983,466197,461501,453331,446966,438107,430231,417626,407684,400550,391259,380493,370911,363200,353271,345660,338268,330006,322023,312190,303269,296767,300379,284231,276386,269091,262969,256590,252842,252086,249283,245646,241661,236062,233150,230511,230787,227484,222807,220930,218895,216686,218445,218050,219074,219746
Georgia,30,41,72,98,120,149,194,277,471,541,577,777,1059,1340,1587,2133,2367,2600,2930,3992,4594,5185,5769,6144,6492,7054,8777,9803,10442,11403,11798,12077,13110,14023,14653,15720,16733,17133,17445,18593,19317,20225,20971,21561,22278,22534,23200,23787,24522,25101,26299,27127,27461,27852,28257,29072,29892,30439,30841,31763,32218,33014,33570,34093,34844,35274,35752,36294,36840,37764,38548,38977,39723,40378,40855,41391,42008,42596,43182,43630,44313,45113,45408,45913,46842,47589,48323,48860,49431,50106,50793,51740,51919,52909,53784,54148,53031,53822,54107,54847,56471,57110,57981,59310,60915,62217,63136,64705,66209,68262,69234,71058,73652,75793,77973,79361,80171,82874,85568,87517,90931,93715,95505,98358,100939,104773,107399,110491,114329,116879,118624,121247,123770,127409,131519,134655,136735,138927,142783,144771,148277,151437,154261,156537,158403,159916,163618,165831,169027,173381,176002,177659,180709,184169,186184,189376,192553,194382,193683,195977,197679,199774,201971,203903,205128,206677,207841,209760,211485,212799,214331,214786,215719,217251,218374,220267,221299,222644,223218,222942,223744,224980,225811,226553,227574,227168,227284,227533,228013,228139,228209,228559,227736,226698,225303,224868,223322,221291,219908,217915,216302,215757,214098,212023,210472,207485,205187,203436,200694,198841,196263,194435,191810,188307,185958,184504,182494,180903,178244,174949,172401,170402,168648,169930,164332,162611,160443,158194,156009,155249,154463,152523,150768,149278,146150,143930
Idaho,0,1,2,5,5,8,9,23,31,36,42,47,81,91,186,227,257,304,408,516,664,882,1003,1015,1091,1157,1195,1214,1329,1371,1380,1399,1396,1401,1522,1544,1159,1171,1042,1028,1005,981,960,949,964,974,992,805,837,865,885,910,910,684,683,713,732,759,784,784,811,844,875,900,937,967,967,1002,1020,1050,1078,1137,1168,1168,1168,518,464,492,496,509,509,557,568,596,609,620,595,595,597,581,547,532,490,475,475,497,531,531,566,599,612,612,760,829,945,1063,1231,1330,1330,1588,1792,1885,2108,4070,4419,4754,5051,5538,5893,6306,6761,7289,7686,8038,8255,8822,9343,9807,10194,10605,10809,11192,11441,11590,12112,12198,12300,12578,12859,13034,13325,13534,13771,13777,13858,14149,14283,14690,14955,15339,15277,15520,15801,16037,16291,16539,16592,16508,16576,16647,16672,16815,16706,16750,16679,16675,16796,16786,16851,16856,16829,16796,16764,16788,16707,16768,16743,16754,16728,16596,16514,16477,16611,16486,16346,16245,16287,16312,16259,16364,16606,16701,16744,16969,17222,17388,17672,18008,18368,18411,18667,18994,19399,19718,20196,20478,20552,20820,21302,21778,22245,22701,23105,23255,23630,24036,24393,24879,25724,26374,26584,27021,27579,28188,28826,29602,30362,30715,31152,31785,32296,32936,33628,34112,34240,34688
Illinois,30,44,62,91,103,158,286,418,581,749,1044,1279,1527,1856,2526,3009,3464,4558,5014,5930,6879,7583,8746,10174,10999,11977,13197,14652,15937,17341,18559,20198,21303,22457,23730,24750,26540,28007,28624,29722,31161,33124,34836,37467,39519,41599,43541,45628,47803,50239,53291,55652,58605,60877,62833,64979,67497,70270,72499,74108,75327,78311,79526,82647,84760,86652,88348,90599,92007,94260,96335,97937,100227,102683,104116,105262,106216,107647,109193,109751,53524,54481,54437,54223,53717,54142,54258,54630,55042,54667,54332,53976,42456,42719,43123,43342,42938,42243,42105,25814,26418,27073,26817,26833,26513,26764,27026,27379,24626,25131,25505,25866,26135,26622,27334,27873,28387,28358,28738,29422,30483,31278,31915,32698,32988,34042,34882,14876,15792,16657,17710,18205,19343,20567,21807,22993,24514,25385,25861,26934,28690,30021,31500,32687,33805,34896,36095,37628,39339,41169,42451,43750,44899,46244,47598,49392,51120,52322,53855,55075,56890,58182,59997,62013,63786,65238,66338,67755,69002,71036,72696,74468,75996,76728,78316,79196,43505,45736,47014,48195,49412,50049,51302,52826,54397,55509,56757,57773,58839,60270,62014,63918,64970,66272,67078,68376,69883,72055,73871,75150,76534,77321,78719,80285,81561,83228,84256,85759,86601,88181,90440,92685,94840,97342,99759,101885,103547,106237,77164,79477,82501,84310,86238,88641,91531,93027,97960,100756,104189,106558,110613,114368,119072,125330,130579,135450
Indiana,13,13,16,20,24,28,37,58,83,126,195,252,353,463,628,957,1201,1482,1751,2110,2500,2961,3335,3837,4270,4791,5320,5726,6092,6593,7091,7571,7872,8126,8505,9051,9621,10082,10634,11103,11453,11763,12319,12925,13596,14185,15015,15582,16103,16707,17441,18052,18673,19229,19693,18934,19530,20140,20683,21059,21396,21858,21985,22538,23095,23670,24158,24621,25012,25541,26154,26514,26983,27446,27777,28120,27629,28222,28670,29308,29662,29039,10417,10323,10158,10003,9976,9956,9699,9489,9191,9047,9429,8897,8965,9253,9246,9181,8772,8470,8415,8581,8341,8150,7991,8033,8149,8234,8376,8256,8308,8277,8320,8478,8669,8840,8845,8910,8869,9041,9432,9882,10229,10361,10755,11014,11281,11589,12112,12784,13059,13748,14488,14119,14648,15090,15660,15877,16206,16309,16556,16723,17196,17927,18498,19304,14492,14701,15163,16183,17219,17880,16444,16227,17251,16446,17060,17481,17194,17164,16673,16824,16978,17968,18581,20236,18477,18427,18563,18313,18966,19488,20366,19188,19035,19234,19312,19919,20417,20011,19461,19163,18974,19347,20035,20961,20790,20490,20001,19834,19928,20996,20909,20342,20034,19738,19709,19975,20666,21318,21884,21533,21571,21876,23329,23545,24627,24168,24247,24698,25407,26548,28445,30008,29991,30560,30786,31754,33289,35740,36497,36744,36981,37627,39389,40707,42838,44483,45013,45536,46617,48806,50682,53213,55298,56815
Iowa,16,17,17,18,23,23,38,50,45,68,90,105,124,144,179,214,277,314,400,472,522,585,670,704,778,853,955,1029,1152,1268,1387,872,926,1109,1201,1340,1261,1432,1656,1845,2265,2230,2336,2734,3376,3754,3720,4076,4531,4286,4815,5310,5829,6029,6332,6382,7025,6529,6734,7009,6853,7005,7029,7126,7152,7055,7146,6922,6814,6808,6988,6914,7193,7480,7774,7371,7749,7554,7579,7668,7852,7613,7852,7592,7802,7982,8122,8292,8208,8111,8256,8383,8479,8768,8891,8799,8485,8415,8606,8706,8909,9193,9199,9001,9137,9563,9667,9841,10165,10173,5005,5157,5465,5341,5728,5925,5693,5628,5768,6125,7495,7800,8377,8126,8123,8336,9019,9358,9428,10034,10412,10347,10596,10877,11234,11371,11751,11852,11301,11178,11352,11137,11399,11740,11773,11124,11040,10883,10614,10478,10808,10826,10367,10176,10061,10033,10472,10932,10935,10385,10430,10874,11050,11322,11758,11855,11850,12253,13268,15260,15931,16597,17011,16883,17045,17553,18191,18653,19148,19344,19178,19039,19347,19472,19689,20164,20267,19785,19945,20268,20723,20993,21389,21547,20811,20717,20772,20753,18784,19347,19340,18819,19006,19028,19129,19266,19612,19676,19886,19890,20540,20884,21177,21974,22092,21240,21904,21912,23333,23241,23771,23987,23591,23534,24518,24656,25528,26461,26955,26737,27906,29181,31062,33054,35115,36422
Kansas,4,5,7,7,10,17,22,35,48,56,62,80,96,123,165,198,256,313,360,419,472,539,603,677,725,820,881,1008,1064,1116,1213,1153,1186,1117,1178,1283,1381,1464,1317,1446,1598,1703,1867,2334,2512,2551,2671,2947,2936,3367,3597,3590,3849,4191,4490,4154,4492,4824,4975,5104,5288,5381,5462,5657,5216,5245,5279,5538,5538,5501,5614,5847,4921,5060,5197,5093,5179,5215,5282,5169,5231,5386,5313,5434,5233,5422,5461,5025,5236,4931,4971,4881,4874,4752,4752,5097,4584,4662,4581,4850,4751,4672,4645,4571,4744,4721,4968,4718,4914,5267,5189,5416,5309,5909,5914,5831,6383,6263,6870,6767,7459,7400,7596,8640,8216,8954,8730,9633,9491,9588,10608,10370,10776,10501,11172,10952,10838,11429,11195,11494,11098,11689,11279,11114,11991,11709,12054,11626,12274,12060,11676,12086,12001,12146,12109,12709,12519,11926,12917,12571,13142,12462,12467,12724,12541,13692,13549,14664,14442,14967,15010,15046,15971,15888,16328,16411,17111,16934,16922,18116,17843,17865,17775,18052,18051,17954,14251,13922,14137,14163,14686,14718,14620,15367,15245,12760,12583,12916,13000,13000,13816,13883,13145,13710,13901,14635,14635,15052,13718,13662,13451,14428,14458,14232,15495,15159,16360,16360,16243,16225,16131,17576,15811,16487,16487,15595,17117,17190,18530,18329,20333,19228,21485,21595,21595,24629
Kentucky,10,14,16,20,20,25,34,33,44,60,99,119,153,194,245,297,391,375,414,521,609,690,746,831,623,663,801,994,1096,1331,1477,1599,1679,1833,1909,2043,2130,2312,1750,1836,1964,2135,2239,2534,2657,2826,2894,3116,3273,3440,3606,3606,3857,3966,3987,4093,3778,3848,3955,3955,4163,4121,4244,4327,4519,4737,4737,4960,5036,5033,5055,5132,5247,5247,5247,5619,5732,5833,6052,6234,6234,6574,6670,6883,7156,7412,7696,7696,7872,8098,8259,8309,8519,8783,8783,8976,9140,9290,9432,9692,9845,9965,10052,10292,10402,10640,10869,11182,11244,11150,11395,11530,11089,11367,11367,11367,12112,12421,12752,13053,13159,13553,13823,14066,14596,14963,15347,14599,15128,16121,16326,16931,17345,17911,18354,19174,19491,19969,20490,21073,21643,22418,22452,22921,23048,23673,24166,24625,25174,25812,26223,26434,26895,27989,28667,29227,29796,30186,30497,31030,31559,32202,32786,33541,34004,34335,34957,35528,36243,36494,37265,37720,38041,38789,39547,40365,41122,41893,42206,42467,42709,43304,44027,44937,45599,46137,46430,47109,47799,48340,49046,49967,50409,50744,51489,52167,52718,53525,54436,54897,55312,56234,57185,57944,58886,60097,60721,60945,61692,62564,63108,63797,64657,65501,66062,66436,64981,65971,67188,68330,69135,69692,70800,72099,73292,74630,76353,77812,78575,80164,81887,83567,85359,87266,88685,89662
Louisiana,19,36,76,100,133,196,273,382,523,569,818,1139,1345,1734,2227,2633,3185,3397,3849,5010,6166,8842,9932,12078,12515,14342,15693,16371,17577,18497,19209,19758,20136,20510,20854,21384,21915,22324,22644,23209,23464,23801,24157,9621,9951,10187,8096,8254,8585,8867,9514,9921,10103,10385,7645,7997,8210,8395,8918,9082,9276,7181,7761,8554,8872,9122,9426,5991,6303,6555,7725,8108,8202,8330,6521,6770,7182,7469,7448,8219,8560,5957,6332,6690,7121,7551,8019,8347,6403,6965,7381,7815,8340,9651,9985,7434,7956,8763,8885,8869,9982,10308,7704,9188,10052,10981,12297,12297,13777,12201,13245,14524,15916,17665,17665,19637,20756,22715,21321,23192,25872,28068,29405,31143,33400,28562,30871,33078,33078,36234,39465,41168,35771,38102,40205,40205,44091,46467,47589,36504,38211,40029,40029,43522,44631,46485,33088,34345,35788,35788,38392,38930,40071,26776,27873,29144,29144,30254,30803,31417,17534,18426,19277,19277,20444,21051,21569,12563,13219,13797,13797,15398,15706,16363,10787,11585,12395,12395,13736,14034,14278,9774,10218,10934,10934,12184,12660,13006,8366,8829,9779,9779,10689,10923,11664,8004,8565,9250,9250,10152,10377,10900,6765,7308,8099,8099,8960,9169,9695,6620,7139,7370,7370,8531,8577,9249,5634,6365,7119,7119,8239,8424,9117,6327,7090,7768,7768,8723,8933,9837,6919,7295,7717,7717,8781,9048
Maine,1,3,3,12,17,32,43,52,56,70,89,104,115,139,139,151,194,234,231,230,257,275,310,306,304,331,331,336,342,323,341,348,406,422,441,436,446,433,440,426,409,413,408,419,421,433,423,404,389,411,411,407,422,428,424,426,481,475,487,511,525,499,506,538,541,566,589,589,580,636,694,680,704,714,706,712,699,703,683,688,684,674,637,624,612,587,581,607,598,514,514,505,516,505,520,520,485,459,476,488,456,464,478,501,424,455,457,484,510,491,502,518,525,537,539,534,527,514,494,474,457,436,431,436,390,385,390,407,393,422,435,414,389,380,380,390,411,421,398,409,421,428,437,448,451,428,412,398,411,397,405,387,364,365,371,385,401,417,432,437,445,446,458,469,470,463,453,439,435,417,458,470,471,471,456,496,492,496,499,491,493,465,473,467,488,501,530,501,496,507,532,550,576,582,599,586,597,588,582,581,561,567,572,585,585,581,595,596,584,582,597,590,602,610,611,631,621,622,621,655,648,641,637,637,649,642,674,721,745,766,800,859,929,1004,1014,1063
Maryland,12,18,26,29,38,56,81,102,144,184,237,281,341,415,572,744,955,1197,1355,1589,1885,2214,2557,2913,3383,3770,3980,5117,5671,6400,7057,7534,8071,8567,9076,9656,10411,11074,11430,12185,12611,13096,13949,14710,15726,16494,17279,17834,18508,19339,20763,21705,22664,23574,24210,24823,25968,26884,27879,28902,29392,29911,30547,31581,32619,33205,34006,34933,36659,37394,38566,38974,39969,40753,41567,42071,42630,43880,44951,45857,46482,47011,47723,48371,49205,49909,50567,50984,51388,51814,52311,52957,53239,53843,54221,54518,54848,55377,55573,55833,56159,56467,56753,57118,57419,57774,58070,58358,58633,59100,59387,59712,60198,60715,61080,61360,61629,62094,62501,63027,63450,63967,64560,64972,65688,66437,67031,67726,68494,69410,69959,70763,71333,71993,72910,74187,74874,75995,76474,77215,78097,79164,80146,81046,81881,82584,83141,83664,84403,85105,86008,86757,87304,87816,88578,89258,90062,90569,91066,91577,91958,92520,93178,93791,94364,94928,95283,95708,96261,96804,97424,97915,98370,98126,98527,99195,99970,100712,101217,101967,102290,102602,103088,103710,104476,105047,105578,106142,106747,107347,107842,108494,108900,109307,109623,109999,110475,111011,111589,112005,112466,112856,113240,113993,114666,115210,115679,116173,116576,117026,117770,118465,119079,119620,120120,120587,121084,121669,122428,123211,123730,124221,124768,125218,125910,126583,127341,128119,128678,129534,130193,131116,132013,132953,133794,134639
Massachusetts,160,221,294,362,511,758,1015,1291,1675,1995,2275,2877,3589,4326,5247,6174,6815,7331,8544,9768,11065,12304,13738,14872,15828,17719,19631,21413,23310,25258,25743,26603,28525,31272,33707,28557,31375,32111,32463,34448,35873,37743,39352,40815,41511,41564,42952,44267,45558,46794,48074,48326,48261,49401,50368,51207,52106,52123,52399,52644,53822,55239,50713,51858,52851,53391,53665,54918,55927,56821,51693,51129,50046,48830,47478,46719,45696,44536,43186,43413,43502,43864,44267,12696,13073,13455,13824,14312,14541,14689,8342,8515,8823,9099,9315,9507,9558,5545,5694,5868,5996,6192,6288,6412,3878,3972,4088,4212,4502,4639,4734,3037,3165,3315,3515,3680,3791,3950,2887,3042,3197,3351,3538,3709,3870,3008,3164,3290,3509,3689,3936,4127,3255,3455,3735,3978,4193,4491,4690,3713,4087,4382,4763,5062,5420,5594,4631,4961,5118,5442,5756,6060,6272,5103,5329,5658,5859,6228,6543,6751,5202,5470,5736,6167,6280,6855,7217,5824,6174,6628,7060,7240,7533,7885,8151,8549,6889,7311,7668,7889,8052,6496,6879,7305,7843,8115,8360,8667,7057,7471,7916,8489,8833,9082,9244,7686,8152,8629,9180,9759,10178,10682,8892,9622,10373,11028,11669,12164,12651,10571,11007,11760,12389,12935,13682,14418,12453,13015,13752,14315,15031,15843,16814,17494,14549,15599,16793,17845,19040,20293,21438,18559,20117,21531,22640,16561
Michigan,3,17,27,49,59,71,129,362,596,849,1114,1426,1919,2441,3031,3867,4924,5809,6853,7987,9770,11267,13320,14862,16362,17852,19626,20999,22133,23306,24128,24729,25690,26999,27987,29114,29798,27753,28353,28898,29705,30636,31902,33253,28596,29177,29550,30524,31650,32589,33569,27014,27577,27700,28139,28763,29308,29994,23308,23696,24111,24525,24884,26100,26599,21455,22136,22949,23314,23984,24455,24862,20350,20686,20892,21107,21583,21983,22606,17901,18428,18548,18725,19037,19233,19585,16051,16477,16748,17014,17186,17423,17641,14859,15074,15104,15271,15372,15648,15941,12168,12331,12570,12798,13151,13566,13905,12427,12689,12963,13436,13792,14367,14861,13522,13882,14205,14808,15448,15951,16559,17216,17621,18036,17671,18716,19624,20371,19812,20340,20860,21515,22180,22874,23510,21720,22759,23266,24035,25050,25836,26622,24853,25282,25885,26682,27393,28128,28934,29649,26570,27144,28044,28514,29665,30522,27418,27889,28379,29016,29695,30206,30206,31611,32371,28443,29373,30210,31057,31844,29079,29627,30121,30902,31536,32300,33346,29707,29707,30915,31413,32298,33274,34673,30634,30634,31853,32524,33286,34254,35032,30902,30902,32465,33144,34030,35102,36134,37113,32278,33600,34697,35880,36859,37835,34626,34626,36066,37196,38402,39779,41095,42724,42724,39900,41336,42916,45340,47531,43702,45141,47221,49072,50915,53073,55099,53151,55091,57178,59820,63389,67451,70784,74768,72180,75517
Minnesota,9,14,21,35,54,62,78,91,115,113,144,210,173,198,210,260,302,360,432,483,384,436,479,401,455,486,486,483,517,547,570,709,738,707,782,798,894,974,1062,1125,1153,1225,1206,1370,1548,1556,1688,1968,2282,2621,3077,3436,3229,2594,2782,3089,3549,3857,3910,3811,3672,3657,3492,3627,4045,3989,4040,4735,4732,4657,4894,5458,5499,5580,5609,5529,5218,5315,5595,5290,5105,4707,4045,3604,3657,3957,4067,3697,3359,3074,2927,3166,3462,3238,3052,2749,2532,2535,2733,2929,2858,2845,2746,2645,2624,2828,3162,3180,3280,3166,3226,3287,3552,3774,3774,-989,3151,3242,3164,3442,3792,4022,4159,4031,3873,4005,4491,4872,4582,4622,4780,4358,4135,4596,5000,5055,5108,4989,4674,4682,5093,5534,5423,5446,5339,5076,4886,5359,5564,5644,5632,5451,4981,4724,4916,5325,5211,5204,5099,4726,4592,4912,5414,5362,5398,5422,5157,5020,5659,6177,6287,6408,6342,5995,5682,6059,6530,6470,6215,5910,5459,4892,4888,5010,4980,4879,4737,4419,4245,4850,5584,6299,6664,6747,6558,6556,7110,7887,8344,8422,8241,7995,7653,8118,8762,8817,8545,8247,7986,7881,8508,9423,9590,9903,9866,9746,9880,10307,12011,12046,12209,12184,11598,11099,11822,12817,13048,12915,12545,13015,13475,15460,17922,18599,18480,18957
Mississippi,1,6,6,10,12,21,36,50,79,140,206,248,319,372,480,571,650,744,831,917,1051,1151,1329,1420,1595,1687,1856,1936,2184,2387,2549,2685,2844,2976,3238,3495,3653,3822,4115,4343,4533,4701,4952,5225,5497,5684,5865,6103,6319,6554,3518,3737,3834,4154,4452,3629,3869,4260,4536,4650,4818,5030,3357,3735,4040,4345,4507,4636,4882,3716,3961,4347,4708,4946,3422,3678,3973,4278,4679,5105,5366,3810,4050,4337,4563,4763,5020,5250,3575,3906,4259,4259,4854,5103,5269,3581,3914,4380,4380,4756,4756,4756,4067,4667,5171,6258,6802,7254,7611,6120,6786,7430,8290,9193,10179,10401,7976,8889,9533,10220,11240,12022,12871,9498,10338,11345,12557,13565,14568,15351,12216,13820,15333,16302,17885,19302,20494,16385,17685,19170,20897,22013,23117,23779,17023,18055,19249,20184,21197,22381,22886,15901,16513,17549,18139,19051,19839,20216,13740,14502,15815,16682,17532,18454,19077,13450,14184,15030,15589,16174,16895,17528,17770,13173,13921,14662,15463,15991,16386,16627,10696,11084,11569,12407,12837,13079,8341,8818,9507,10184,10669,11307,11583,5419,5848,6376,7109,7811,8439,8613,4391,4944,5484,6170,6822,7419,7738,7113,8074,8613,9168,10024,10965,11254,7962,8661,9512,10822,11930,12670,12670,9746,10445,11225,12175,12963,14158,14386,11115,11949,12930,13892,14623,15441,15767,11678
Missouri,2,4,4,5,6,12,19,30,63,71,87,191,260,346,492,659,826,889,1016,1311,1561,1808,2080,2253,2306,2658,2898,3277,3379,3629,3726,3860,4204,4388,4552,4826,4917,5149,5316,5079,5174,5409,5594,5880,6051,6199,6392,6502,6691,6876,5742,6033,6139,6517,6590,6778,6971,7150,7254,7448,7113,7047,7153,7335,7346,7429,7646,7784,7929,7904,8018,8206,8234,8560,8715,8874,9061,9228,9359,9251,9506,9643,9855,10103,10315,10467,10667,10790,10897,11096,11241,11368,11609,11658,11834,12015,12260,12466,12439,13013,13414,13442,13851,14208,14552,14851,15314,15683,16076,16652,16724,17064,17147,17549,18006,18083,18083,18986,19553,20267,20832,21523,21857,22646,23087,23605,24381,25619,26309,27065,27487,28615,29663,30737,31985,32815,33705,34883,36250,37567,38828,40104,40805,40837,42324,43654,44756,45924,46897,47124,47782,49456,50280,51739,53221,54637,54583,55652,57392,58426,59247,60166,61415,62469,62469,63584,64439,65542,67002,68415,68370,69318,71272,72411,73594,75025,76331,77570,79083,79815,80656,81474,82737,84206,85428,86762,88195,89780,91039,92294,93696,95148,95715,96810,98521,99535,100702,102087,103130,103753,104110,105819,105433,106765,108223,110948,111971,111805,114027,114691,115588,116837,118870,118378,118808,118808,119721,121647,122693,124350,126126,126812,127579,127579,126770,127568,128979,130426,131023,132045,132346,133768,135643,137780,138342,139852
Montana,1,1,5,7,7,9,11,12,18,27,34,45,46,53,71,120,128,160,167,193,211,221,256,275,260,281,281,191,191,194,202,212,216,195,188,190,181,173,180,180,152,129,122,105,92,95,83,80,53,45,40,35,35,37,31,24,24,22,20,20,20,20,16,15,19,21,21,20,18,22,23,22,22,22,22,21,20,23,28,40,42,41,44,44,55,53,51,52,55,51,56,58,66,60,72,80,60,72,90,100,130,149,169,156,174,210,218,226,237,288,303,336,389,427,466,511,548,588,589,645,710,784,864,936,1034,1147,1226,1337,1359,1421,1248,1179,1228,1280,1178,1237,1217,1244,1320,1410,1519,1574,1564,1666,1516,1484,1544,1573,1565,1559,1602,1529,1485,1590,1389,1449,1454,1523,1548,1556,1515,1549,1329,1471,1523,1556,1636,1704,1807,1791,1869,1953,1987,1945,1998,2033,2084,1829,1904,1952,1992,2028,1806,1859,1968,2056,2127,1954,2104,2103,2225,2454,2335,2393,2600,2237,2443,2713,2987,3155,3400,3454,3635,3891,4100,4569,4851,5008,4983,5352,5824,6330,6547,7131,7432,7774,7917,7849,8148,8598,9139,9611,8999,9352,9096,9610,9412,9751,9855,10060,10122,10474,10450,11073,11721,12370
Nebraska,10,14,14,19,18,23,24,29,37,38,42,50,61,64,68,85,94,118,151,174,206,241,273,315,355,404,468,507,553,631,687,774,831,859,909,1020,1092,1237,1424,1593,1658,1749,2055,2349,2657,2951,3281,3297,3694,4189,4743,5228,5559,5982,6334,6663,7078,7717,8116,8195,8450,8567,8946,9281,9631,10075,9876,10151,10365,10635,10933,11166,11493,11635,11856,12117,12464,12748,13135,13143,13339,13575,13838,14085,7330,7233,7099,6990,6927,6872,6884,6884,6687,6538,6388,6280,6271,6231,6109,6035,5898,5790,5728,5737,5865,5772,5560,5455,5310,5310,5166,5227,5148,5176,5203,5004,5004,4992,5112,5133,4992,4989,5027,5086,5226,5364,5334,5395,5379,5170,5297,5491,5676,5757,5859,5982,6205,6062,6134,6296,6441,6711,6738,6799,6951,7082,7269,7305,7426,7426,7191,7235,7367,7425,7837,7623,7629,7528,7554,7659,7728,7683,7642,7526,7356,7338,7441,7652,7701,7762,7634,7685,7713,7812,8130,8299,8284,7928,7772,7650,8020,8321,8430,8591,8507,8496,8610,8735,9014,9225,9436,9846,10132,10427,10112,10433,10495,10456,10543,10769,11019,11368,11724,11872,12394,12511,12693,12926,13198,13594,14257,15174,15277,15417,15583,16066,16815,17240,18084,18157,18564,18950,19157,19827,20204,20911,21256,21271,21651,22123,23067,23997,25047,25833,25833,26239
Nevada,11,17,21,24,44,55,54,94,107,159,188,241,274,315,410,525,607,905,993,1095,1253,1420,1442,1666,1754,1871,1993,2211,2328,2434,2339,2474,1682,1789,1906,2010,2213,2306,2401,2503,1933,2068,2178,2360,2494,2555,1824,1933,1756,1850,2068,2149,2259,2320,2413,1180,1276,1386,1525,1595,1643,1793,1866,1963,1230,1274,1468,1509,1634,1754,1835,1975,2269,2337,2444,1750,1860,1946,2083,1858,1856,1951,1807,1806,1843,2015,1958,2039,2172,2213,2171,2396,2671,2455,2671,2750,2782,2960,2885,3292,3211,3404,3501,3960,4323,4309,4197,5044,5697,6283,6486,7114,6896,7878,7796,8311,8576,8741,8414,8193,8351,8480,8592,9014,9237,9156,9557,9747,10920,11608,11799,12297,13398,14305,15143,16064,17089,18072,19157,20006,21003,22238,23219,24350,25332,26297,26918,27637,28593,29450,30253,29998,30528,31041,31609,32693,33528,34222,34879,35526,35883,36401,37237,37861,38393,38799,39172,39405,39938,40554,41148,41595,41912,40564,39697,39193,38252,37254,36579,35656,34860,34208,33360,32368,31835,31226,30478,29708,28814,28313,27793,26872,26271,25377,24655,24206,23977,23808,23437,22921,22576,22260,22110,22030,22210,21641,21171,20814,20633,20408,20513,20727,20695,20438,20476,20544,20622,21034,21197,21542,21542,21679,22026,22193,22751,23229,23885,24384,24350,24731,25165,26091,27036,27762,28063,28378
New Hampshire,6,6,7,13,17,26,39,44,56,65,78,100,107,136,157,185,212,255,311,308,355,383,389,468,513,555,583,543,571,636,670,726,748,815,742,812,782,791,830,884,903,990,1069,1117,1177,1254,1080,1014,1008,1094,1249,1328,1325,1483,1439,1519,1564,1616,1652,1709,1796,1863,1913,1984,2051,2127,2156,2211,2264,2403,1969,1728,1684,1736,1553,1467,1372,1424,1452,1363,1458,1486,1422,1373,1416,1428,1417,1365,1401,1337,1292,1236,1093,1076,1011,984,971,1002,1015,940,935,930,929,912,893,911,925,949,968,958,948,938,939,884,884,832,826,790,749,755,704,620,636,621,598,594,608,582,571,554,565,546,552,568,575,568,589,407,403,392,407,396,403,397,395,360,378,382,365,350,349,326,316,305,309,323,293,278,279,260,262,255,258,258,250,255,237,219,221,230,243,222,228,231,224,240,209,250,248,238,236,242,272,316,297,307,291,288,259,272,306,318,308,288,293,266,281,304,303,330,339,331,305,342,456,500,492,490,500,507,531,585,692,685,738,787,823,829,894,937,971,1020,824,798,832,896,946,1032,1002,1067,1034,1106,1216,1338,1352,1407
New Jersey,28,49,68,96,175,262,418,726,871,1299,1876,2790,3596,4298,6728,8630,10874,13092,16272,18242,21677,24798,28950,32938,36122,39585,42650,45370,48729,51434,54712,58208,60232,64070,65905,69789,72587,75282,78993,82289,85460,88594,92349,94311,97360,100764,102786,105032,107089,108998,111202,113501,117042,118865,120863,121752,123841,125429,126618,127854,128880,127935,128465,129456,130662,131359,129645,131328,132050,132844,132564,132496,130708,129783,130841,130395,130135,131130,131451,131300,130845,130827,129830,130086,128960,127931,126676,125906,125745,125046,124471,123936,123613,122940,122164,121850,121801,122024,121392,121376,121254,121248,120543,120124,119353,118747,117719,117968,117193,115398,114972,113398,111111,109020,105678,103233,100695,98568,95557,92977,90524,87164,84513,82300,78845,75770,72918,69732,66623,60105,57358,54191,54559,52953,50271,48577,46375,44419,42618,39212,37127,35425,34464,32737,31184,30039,29471,26436,25637,24764,24151,22793,21393,19971,19321,19106,17862,18028,18035,17959,17930,17837,17863,17619,17748,17713,17653,17627,17552,17858,17577,17471,17524,17621,17707,17740,17706,17488,17545,17642,17689,17588,17722,18074,18432,18601,18719,18818,18921,19123,19285,19320,19067,18969,19241,19235,19409,19719,20221,20455,21001,20870,21133,21545,21977,22592,22725,23118,23349,23600,24405,24835,25186,25630,25748,26619,27459,28139,28782,29486,30313,31313,32188,33007,33673,34627,36098,36815,38068,39600,40854,42121,43895,44915,46223,47652
New Mexico,5,10,13,17,21,23,28,35,43,57,65,83,100,111,135,190,206,235,277,310,357,396,485,481,558,620,648,678,801,901,983,1048,1019,1076,1153,1258,1365,1280,1303,1426,1478,1592,1728,1823,1953,1977,2069,2159,2396,2528,2622,2833,2939,3115,3012,3049,3248,3367,3462,3538,3561,3559,3618,3685,3738,3849,3934,4087,4034,4049,4137,4174,4130,4162,4184,4241,4285,4345,4421,4438,4480,4550,4697,4752,4855,5079,5122,5237,5282,5002,5034,5141,5117,5118,5174,5245,5269,5262,5346,5284,5336,5412,5483,5488,5526,5660,5770,5877,6066,6193,6257,6262,6390,6463,6705,6883,7090,7222,7439,7600,7829,7959,8161,8380,8534,8788,8998,9237,9431,9636,9823,10059,10263,10511,10718,10913,11079,11424,11508,11687,11738,11819,11859,12019,12012,11997,12071,12154,12124,12172,12311,12326,12338,12377,12310,12275,12200,12213,12180,12054,12044,12072,12044,12101,12112,12054,11876,11784,11710,11596,11589,11600,11613,11600,11642,11738,11696,11788,11774,11733,11673,11527,11493,11469,11444,11531,11549,11459,11367,11257,11253,11323,11318,11314,11350,11461,11540,11602,11611,11673,11690,11717,11887,11853,12058,12196,12315,12408,12564,12710,12812,13004,13194,13392,13656,13835,14242,14579,15229,15561,15960,16366,16789,17433,17862,18553,19310,20059,20700,21126,21611,22521,23411,23902,24583,25310
New York,328,421,524,729,956,1692,3017,5332,8352,10316,15676,20610,25969,32492,36994,43611,49784,56044,61674,69294,75540,83081,91655,100732,106672,113792,122315,128888,138203,148280,155840,162941,168510,175200,179175,186205,192933,199483,205030,209278,207269,212321,218127,224936,235187,240498,229824,231343,234511,237654,240586,244278,246444,249085,251204,252938,255509,257708,260072,260052,261290,262011,263551,264726,266907,268118,269648,270143,270857,272030,273886,275111,276573,277422,278071,278719,279326,280379,281457,282160,282790,283378,283987,283673,284185,281592,282405,283099,283945,284479,284865,285300,285922,286582,286962,287500,287970,288358,289873,290836,291533,292322,292773,293391,294064,294592,295301,295312,295670,296178,296232,295984,292718,289550,284019,274852,268098,261819,252745,244159,236117,227392,217727,209034,200636,192652,185322,177417,170387,163129,157032,151976,146519,140708,135714,130821,125571,119892,112022,109271,106989,103360,99582,95536,92398,89419,87044,84492,82714,83542,80897,77703,75200,72726,71441,70726,70333,69079,67698,66790,66311,65863,65282,64897,64013,63090,62639,62340,62219,62192,62062,62036,61749,62052,62035,62204,62650,62737,62702,62041,62293,62107,62246,62587,62762,62591,62436,62428,62409,62870,63279,63564,63422,63034,62968,63064,63537,63882,64157,64242,64294,64706,64979,65757,66483,67221,67346,67459,67961,68564,69797,70577,71179,71374,71615,72309,72996,73774,74913,75902,76412,76695,77237,78786,79836,80760,82062,82852,83443,84659,86123,88105,89690,90887,92232,93234
North Carolina,17,17,24,33,39,64,93,124,176,246,271,410,498,565,827,877,1018,1160,1361,1523,1697,1985,2240,2436,2539,2905,3181,3413,3662,3918,4182,4406,4691,4934,4366,4577,4976,5298,5514,5774,5989,6340,6690,6655,7146,7367,7777,8076,8498,8541,8844,9341,9503,9722,10233,10753,11197,11669,12120,12567,12272,5908,6611,7240,7712,8339,8860,9400,7488,7898,8838,9698,10449,10943,11629,8699,9100,9899,10976,11910,12893,9783,10201,11362,12208,13419,14829,15732,16615,12505,13651,14811,16642,18064,19478,14754,15518,16533,18236,19371,21125,22443,15540,16356,17215,18348,20028,21563,23136,16830,18483,19721,21554,23604,24696,26020,18078,19805,20824,22860,24710,27161,29060,30888,21038,22836,25009,27079,29548,31352,21047,22891,25047,26977,29093,31182,32817,20897,22678,24463,26833,28828,30548,31896,20479,22147,23300,25307,26843,28808,30425,19056,20124,21435,23347,24557,26162,27564,17214,18489,19675,21708,23737,25504,26987,19473,20894,22201,24352,25808,27507,29449,30717,32881,24813,26507,28578,30124,31212,21482,22305,23228,24526,26102,27555,28769,19103,20261,21456,23056,24532,25742,27068,18698,19970,21040,22835,24500,26228,27517,20381,21221,22678,24908,26654,28835,29440,23473,24944,26632,29031,31040,33343,35057,22503,24194,26080,28594,31242,33325,35623,36762,38287,28019,30369,33053,35607,37401,25961,28061,30280,33127,35887,38646,40698,27320
North Dakota,1,1,1,1,1,3,6,18,26,28,30,32,34,42,49,52,66,79,88,94,105,113,115,120,141,148,151,149,163,167,167,179,196,194,214,221,258,336,386,425,417,436,425,448,477,524,573,563,577,590,602,619,649,660,682,710,739,678,667,664,636,656,638,665,648,695,679,668,680,744,838,860,862,869,852,834,621,631,579,551,557,486,454,444,431,432,476,482,501,379,386,391,369,354,348,344,330,336,309,310,293,301,284,234,240,251,253,261,277,297,302,325,342,376,411,412,419,401,439,521,573,623,677,702,720,717,783,799,788,796,814,794,864,921,970,966,1025,1058,1084,1038,1017,1077,1103,1078,1090,1111,1112,1119,1053,1128,1129,1166,1099,1035,1098,1135,1162,1213,1178,1169,1209,1394,1501,1633,1676,1657,1681,1784,1995,2163,2325,2481,2378,2247,2285,2428,2513,2539,2654,2565,2264,2220,2353,2343,2534,2754,2758,2564,2528,2713,2986,3096,3208,3210,3092,3302,3482,3562,3672,3766,3669,3651,3661,3689,3737,3780,3773,3681,3676,3706,3832,3964,4169,4426,4546,4600,4759,4947,5247,5370,5652,5837,6032,5974,6350,6363,6310,6506,6446,6315,6247,6771,7275,7859,8370,8440
Ohio,5,13,26,37,50,67,89,119,171,244,348,436,556,693,852,1118,1381,1624,1894,2144,2482,2821,3221,3637,3924,4308,4615,4955,5299,5647,5883,6162,6411,6576,6924,7277,7701,8569,9669,10720,11178,11215,11382,11430,11544,11513,11543,11621,11791,12149,12493,12731,12941,13196,13180,13162,13027,12794,12095,11162,11062,11147,11035,11198,11374,11515,11604,11716,11688,11409,11469,11530,11562,11497,11564,11499,11363,10941,10928,10959,10766,10763,10666,10459,10460,10314,10214,10022,9872,9754,9403,9167,9002,8875,8658,8537,8565,8573,8613,8794,8802,8854,9214,9358,9730,10283,10934,11400,12037,12465,12804,13303,13686,13844,13645,13799,14260,14550,15108,16214,16412,17088,17902,18628,18701,18985,19168,19900,20441,20720,21144,20969,21118,21259,21661,22174,22311,22442,22087,21777,21888,21896,21261,21110,20960,20221,19770,19250,19058,18885,18747,18760,18254,18220,18055,17891,17856,17561,17480,16999,16551,16435,16393,16457,16141,16215,15869,15789,15773,15932,16064,16312,16485,16489,16573,16904,17226,17639,17833,17891,17482,17581,17706,18018,18313,18261,18505,17963,17656,17417,17355,17200,17217,17260,16554,16202,15915,15914,15880,16131,16395,16545,16306,16363,16680,16757,16991,17461,17587,17949,18515,19504,19997,20641,21392,21770,22725,23803,24705,25837,26570,27566,28148,29137,30126,31399,32907,34105,35155,35845,36640,38370,40447,41478,43410,44860
Oklahoma,3,2,3,6,9,18,30,44,47,51,64,78,102,158,242,313,361,412,463,541,688,844,949,1116,823,893,883,923,1082,1184,1252,1352,910,1016,985,1071,1174,897,925,1003,941,952,954,972,919,919,916,943,940,995,1117,1212,1333,1124,1198,1039,1085,1094,1156,1113,1135,1031,1015,1018,1000,1004,1077,1165,1060,967,1015,1009,1116,1038,1063,994,772,708,669,646,734,728,754,753,782,791,765,821,843,937,959,1103,1098,1219,1294,1480,1517,1642,1917,2268,2255,2615,2716,2769,2994,3066,3149,3103,3162,3200,3285,3118,3096,3148,3282,3284,3531,3811,3948,3986,4028,4222,4328,4506,4675,5015,4908,4929,5419,5348,5231,6023,5995,5884,5355,5532,6091,6938,6903,6714,6793,6759,6900,6855,6886,6578,6598,6488,6654,6732,6911,6980,6917,6783,6810,6971,7234,7457,7515,7274,7177,7265,7614,7839,8030,8132,7912,7661,7586,7712,7949,8288,8749,8601,8651,8745,9071,9597,9695,9953,9930,9661,9293,9371,9635,9889,10311,10409,10334,10274,10493,10901,11394,12019,12628,12412,12459,12616,12752,13056,13379,13244,13068,12851,12762,12700,12659,12772,13061,13066,13190,13515,13893,13769,13815,13872,13928,13913,14339,14490,14485,14533,14659,14666,15017,15132,15740,15946,15791,15480,15074,14968,15032,15133,15684,15948
Oregon,24,30,32,38,38,65,72,85,111,133,157,186,204,258,305,403,466,535,590,672,717,805,877,973,1041,1103,1148,1201,1277,1323,1396,1475,1531,1578,1605,1672,1715,1772,1836,1881,1924,1981,2044,2091,2166,2220,2262,2286,1485,1547,1615,1666,1711,1790,1866,1676,1743,1819,1908,1976,2031,2103,1876,1936,1998,2069,2080,2143,2180,2251,2266,1823,1847,1885,1907,1925,1996,2041,2086,2138,2196,2254,2284,2346,2421,2515,2605,2407,2521,2487,2541,2716,2834,2965,2965,3209,3459,3578,3677,3882,4028,4214,4303,4478,4618,4722,4967,5243,5490,5581,5727,5979,6326,6668,6958,7256,7334,7508,7641,7981,8213,8610,8927,9107,9432,9673,10062,10323,10667,11094,11247,11489,11741,11931,12281,12281,12928,13115,13429,13674,14024,14335,14620,14899,15078,15367,15642,15849,16177,16544,16805,16905,17180,17402,17635,17873,18277,18519,18644,18811,18927,19187,19418,19704,19931,20101,20330,20391,20534,20748,20955,21212,21316,21398,21463,21692,21928,22178,22365,22510,22617,22700,22866,23056,23341,23518,23634,23790,23964,24163,24430,24683,24884,25035,25318,25491,25842,26282,26545,26783,26909,27198,27230,27564,27848,28188,28446,28651,28889,29150,29621,30028,30424,30762,30967,31274,31651,32013,32417,32795,33011,33265,33602,33907,34263,34798,35185,35547,35880,36243,36656,37219,37813,38331,38837,39385
Pennsylvania,22,41,47,65,78,111,154,206,302,389,476,638,844,1116,1671,2196,2717,3378,4103,4898,5890,7136,8280,10212,11284,12872,14619,16295,18052,19724,20653,21709,23052,24119,25324,26248,28314,29979,30847,31916,33168,34668,34718,37763,39243,40193,40603,42191,42609,44693,46154,47302,48301,49089,49728,50507,51330,52674,53808,55133,55635,51143,51560,52420,53321,54269,54593,55257,55913,56473,57183,27503,26473,25888,25602,26080,26728,24066,23607,23100,22454,22712,22790,22195,21530,20881,20953,20324,20362,20303,20339,20479,20657,20640,20537,20545,20486,20408,20370,20472,20601,20507,20724,16255,14661,15165,15718,16209,16525,16813,16974,17075,17241,17404,17410,17415,17945,18708,19091,19223,19354,19366,19482,19694,19943,20902,21300,21501,21518,21520,22630,23281,23584,23721,23981,23966,24015,24603,24873,25081,25276,25470,24348,24417,24880,25687,25215,25375,24391,24342,24986,24891,25018,24012,24199,24338,24420,23198,23503,23492,23674,22551,22699,22748,22772,21701,21781,21879,22000,22171,20894,20907,21173,21907,21564,22969,21815,23159,21808,22097,23621,22367,22485,22647,22782,22782,23138,23225,23381,23524,23619,23345,23988,23981,25574,25678,24280,25090,24462,25291,24858,26419,25565,25536,25756,26671,25770,26170,26430,27696,28571,28819,28827,29838,29019,30834,31732,31984,32384,32373,33455,33186,34737,35535,35928,38152,38396,39773,39861,41950,42535,43036,45506,45828,47507,47228
Rhode Island,5,13,18,18,19,21,32,43,58,71,83,108,123,142,169,205,233,293,392,462,526,618,670,760,885,1055,1248,1500,1754,2015,2387,2645,2908,3073,3309,3578,3926,4175,4426,4726,5063,5395,5724,6093,6459,6728,6973,7148,7434,7749,8037,8306,8437,8573,8814,9067,9342,9548,9726,9980,10132,10275,10459,10620,10810,10987,11204,11311,11412,11583,11721,11854,12020,12105,12166,12218,12339,12443,12536,12671,12749,12814,12888,12966,13036,13105,13180,13234,13274,13303,13347,13432,13499,13559,13600,13622,13673,13706,13728,13776,13820,13840,13863,13910,13971,13999,14034,14083,14112,14119,14152,14176,14244,14295,14311,14338,14360,14407,14445,14507,14554,14628,14658,14686,14736,14775,14868,14934,15008,15065,15117,15176,15272,15346,15455,15560,15658,15702,15832,15921,16063,16157,16235,16321,16369,16506,16597,16703,16814,16889,16973,16998,17098,17173,17262,17345,17429,17506,17564,17642,17722,17803,17933,18051,18122,18171,18237,18324,18442,18497,18578,18619,18661,18725,18780,18872,18934,19012,19044,19100,19122,19174,19270,19372,19458,19547,19598,19688,19808,19914,20054,20177,20282,20321,20410,20529,20649,20760,20891,21000,21029,21154,21325,21505,21656,21823,21943,22010,22155,22336,22563,22821,23005,23187,23260,23403,23587,23883,24120,24373,24669,24784,25085,25452,25914,26377,26795,27111,27301,27670,28100,28477,28982,29402,29870,30099
South Carolina,12,13,19,28,32,45,57,78,126,172,194,297,341,422,452,532,653,768,919,1075,1284,1544,1689,1903,2033,2215,2400,2525,2764,3036,3172,3284,3401,3507,3601,3878,4028,1449,1581,1640,1800,1950,2098,1283,1460,1692,1814,1923,2031,2236,1209,1432,1563,1688,1760,1847,2045,2269,2425,2548,2674,2802,2899,3051,3068,2359,2511,2633,2741,2854,3052,3312,3567,3761,3839,4074,4264,4427,4762,5025,5492,5777,5114,5336,5688,5758,6220,6594,7104,6946,7477,8156,8136,8926,9777,10366,9930,10494,11496,12576,12686,13597,14613,13997,15289,16420,16611,18220,19615,20954,20700,22214,24003,24336,26188,27662,29209,27989,29530,31316,31269,33559,35525,37055,36393,38270,40062,40985,42520,44907,46377,46081,47746,49283,48945,50286,51468,52688,50864,52574,54272,55691,57257,58437,59600,60802,62055,63350,59835,61048,62013,62729,60626,61436,62342,61376,62376,62991,63434,61633,62365,63246,63347,64243,64935,65499,61119,61688,62145,63490,64763,65842,66508,67337,67966,69163,70776,71722,73431,74056,74432,74690,75467,71223,69985,69805,70103,69881,69615,70212,70313,70599,70648,70741,70824,70933,71349,71751,72321,72533,72688,73240,72873,72560,72824,74497,74155,74430,74548,74434,74764,75044,75369,75739,76065,76196,76434,77039,77532,77873,78221,78310,78435,78597,78968,79352,79516,80352,80750,80844,80853,81230,81483,81682,82621,83037
South Dakota,7,8,8,8,9,10,10,10,13,13,20,21,21,27,32,36,41,60,66,73,76,107,118,135,153,195,219,245,285,359,439,538,667,735,850,950,968,1006,1101,995,950,941,914,872,981,1046,954,947,906,898,858,849,853,860,846,818,893,1095,1289,1289,1353,1374,1386,1373,1332,1306,1334,1264,1321,1176,1126,1110,1155,1217,1196,1151,1114,1119,1142,1174,1176,1218,1099,1102,1186,1121,1213,1129,1163,1065,1056,1114,1191,1028,1023,1054,921,1005,1065,905,914,987,914,879,888,908,904,929,950,920,915,915,930,949,987,1022,1065,996,986,1028,1011,1001,995,999,992,1007,972,997,988,970,964,956,936,946,956,1017,1051,1061,1040,1051,1015,1023,1065,1064,1100,1090,1107,1145,1143,1186,1289,1311,1226,1230,1227,1272,1255,1358,1371,1341,1402,1451,1561,1729,1742,1764,1780,1994,2207,2394,2647,2869,2958,2982,3111,3255,3278,3308,3273,3150,2939,2697,2723,2787,2792,2741,2782,2672,2733,2913,3114,3257,3158,3208,3140,3438,3629,3853,4098,4153,4194,4054,4035,4222,4384,4517,4680,4690,4600,4511,4673,5188,5533,5865,6062,6044,6604,7132,7312,7768,8012,8388,8441,8688,9273,9862,10218,10745,11061,11188,11933,12462,13520,14373,13138,13325
Tennessee,18,26,32,39,52,74,100,154,233,370,503,613,771,903,1095,1197,1505,1661,1863,2245,2521,2942,2909,2862,3294,3381,3600,3656,3619,3843,3627,3703,3830,3730,3748,3925,3430,3383,3688,3852,3409,3664,3905,4188,4544,4959,5014,4943,5031,5198,6141,6734,7153,7271,7108,7112,7074,7189,7157,7373,7255,7510,7467,7531,7391,7464,7438,7824,7104,6440,6865,6513,6715,7064,7196,7288,7037,7407,7809,7009,7449,7994,8078,8518,8076,8187,8530,8741,9301,9127,8917,9383,9233,9338,10061,10781,10627,10936,10371,11553,11084,11509,11455,11693,11986,12187,13114,13429,13429,14743,15306,16423,17332,18488,19460,20531,20482,21022,22565,23272,24083,24833,25364,27529,27749,28421,29494,30270,31792,32953,32933,33221,33781,34401,35157,36024,38239,38272,40806,37673,37604,38542,39466,40083,38666,38065,37404,37606,38219,39030,40492,39511,38331,37814,38047,37809,38302,39687,38545,37456,37263,36720,36609,37094,38316,36975,35754,35940,36090,35801,36456,36599,36315,35663,35359,16163,15604,16117,16902,17027,15693,14958,15047,15160,13880,13881,15369,14444,14734,14269,15120,14241,15452,15502,15109,14785,14081,14484,14473,15475,15313,14246,14353,14150,13722,13502,14229,15881,15728,16237,16752,16620,16933,18101,20072,19092,19245,19799,18791,19650,21109,23307,22435,22648,22341,23803,24243,26389,27473,26219,26157,26346,26478,25432,24898,26748
Texas,28,44,57,73,85,109,196,283,392,472,592,807,1031,1163,1609,1979,2369,2803,2880,3664,4082,4856,5568,5989,6559,7555,8430,9572,10519,10930,11951,11999,12649,12801,13245,13346,13974,14289,14925,15450,16237,16522,16675,15638,14713,15523,14862,15530,16316,16669,18129,17028,17249,17231,18409,18483,18719,19002,15940,17226,18214,19159,20275,21301,21672,21903,22238,22849,23397,22488,22965,23611,24316,24997,22687,22714,22584,23353,23493,23557,24417,24690,25536,25714,26561,27730,28321,28445,29335,30468,31692,33815,33305,34468,34103,35619,38707,40674,42760,45991,48721,50638,55379,59503,63822,68495,72633,77062,79918,85589,90773,96165,101953,107710,109859,112161,118800,124801,131259,138812,145328,149666,151749,158028,164144,170448,174608,178359,179427,185340,188813,190822,193268,194593,195190,194056,191073,197672,193564,195968,196915,195845,193502,199053,191613,194577,195185,195093,195311,195833,195575,197325,197130,194577,193592,194602,193440,190239,190734,188781,183494,177722,176304,173961,170110,167616,166697,161788,156063,156029,149612,148639,147461,143183,142311,138042,133199,128885,128747,126969,127610,126473,125517,127231,126587,125406,123943,121848,121328,122196,122444,122237,121645,122441,108316,108593,107204,108158,108049,102387,101275,103529,102965,102725,103119,100997,100304,100729,100826,101194,102835,104019,105194,106473,107911,110220,111864,113360,115472,116705,117592,117376,119274,119092,121080,123633,125228,126941,128713,130946,133692,135683,137256,139358,140368,144589
Utah,5,9,10,28,39,51,63,80,112,136,180,256,297,345,401,478,600,717,802,882,1005,1067,1239,1409,1586,1636,1699,1807,1937,2059,2162,2259,2127,2175,2304,2444,2564,2463,2363,2506,2376,2523,2689,2855,3019,3194,3304,3410,3562,2687,2843,2747,2940,3082,3208,3352,3478,3673,3852,3999,3113,3092,3278,3108,3118,3272,3440,3121,3247,3437,3186,3368,3265,3214,3205,3173,3255,3469,3811,4075,3547,3635,3770,3879,4068,4344,4889,4837,4943,5041,5149,5534,5503,5728,5922,6085,6322,6643,6901,7484,7523,7645,7885,8080,8287,8568,8787,8803,9002,9291,9647,9836,10018,10609,10554,10621,10831,11075,11376,11490,11755,11746,11966,12086,12141,12065,12397,12475,12668,12959,12775,12729,12786,12739,12974,12959,12901,12807,12664,12259,12135,11762,11645,11475,11248,11137,11090,10966,10669,10301,9877,9726,9639,9428,9254,8937,8612,8588,8398,8233,8261,8237,8195,8077,7899,7810,7841,8244,7642,7582,7657,7723,7710,7656,7754,7917,7873,7956,8005,8142,8213,8162,8044,8223,8418,8752,9068,9237,9582,10113,10846,11455,11922,12293,12656,13120,13815,14722,15293,15961,16459,16835,17442,18081,18516,18998,19748,20276,20417,20661,21226,21459,21733,22020,22349,22714,22964,23249,23328,23647,23685,23981,24399,24843,25400,26254,26773,27165,27297,27704,28297,28639,29579,29951,30597,30823
Vermont,2,2,5,8,12,12,19,22,27,47,50,70,88,115,149,174,199,223,244,280,305,321,372,441,490,520,552,582,605,655,686,700,720,723,729,733,744,765,774,778,778,783,782,783,797,805,808,815,815,817,829,835,845,850,855,150,145,129,124,97,89,87,87,87,84,77,76,71,70,66,69,64,63,63,65,65,68,64,61,57,53,48,53,55,90,90,103,118,130,139,137,152,157,163,163,161,162,161,162,171,171,181,181,182,198,197,201,198,200,203,199,193,210,213,183,186,173,159,151,162,155,161,151,149,150,158,158,157,157,157,165,162,158,165,152,158,158,156,155,151,143,146,133,131,130,125,125,129,130,124,122,122,119,118,116,122,119,120,126,125,121,123,125,129,128,128,128,131,132,131,134,137,141,145,146,143,143,138,134,128,131,130,122,117,123,121,129,120,114,114,112,111,109,104,106,99,100,97,101,100,97,90,88,88,99,104,105,134,131,134,142,142,148,151,154,155,153,160,170,181,190,192,197,205,211,235,257,282,284,289,294,300,308,321,322,335
Virginia,18,30,40,44,48,64,76,96,120,149,215,246,281,380,445,588,720,866,993,1221,1448,1663,1964,2354,2584,2822,3268,3568,3931,4386,4945,5131,5131,5296,5584,5730,6150,6685,6993,7366,7982,8593,9059,9512,10258,10707,11262,12032,12397,13190,14124,14803,15514,16311,17046,16809,18067,18533,19245,20118,21096,21785,22265,23180,24017,25003,25386,26019,26833,27563,28767,28851,29543,29971,31374,32879,33601,34591,35527,36496,37364,38107,38821,39312,40127,40687,41545,42671,43217,43565,43837,44232,44782,45197,45782,46104,46420,46851,47159,47628,48229,48737,49182,49624,50088,50453,51002,51555,51999,52426,52944,53286,53423,53837,54519,55111,55440,55946,56459,56986,57784,58549,59394,60344,61043,62008,62780,63537,64372,65386,66237,67088,68011,68704,69721,70734,71607,73050,73349,74218,75035,75777,76579,77456,78633,79622,80253,80933,82840,84024,84837,85461,86249,86922,87870,88991,89675,90612,91209,91976,92620,93364,94175,95380,96056,96677,97560,98261,99288,100176,101284,102179,102929,103804,104582,105621,106625,107414,108565,109145,109951,110625,111756,112786,113942,114780,115467,116226,116939,117869,118991,119817,120616,121214,121971,122463,123280,124112,125009,125552,125938,126753,127430,127780,128685,129723,130749,131388,131779,132199,133929,134969,136104,136866,137670,138776,139482,140722,141805,142820,143671,144275,145099,146031,147259,148339,149339,150272,151111,152107,153352,154715,156067,157528,158693,159636
Washington,410,530,567,684,799,868,1031,1213,1317,1575,1777,1987,2222,2332,2936,3401,3997,4276,4550,4767,5031,5750,6112,6714,7022,7106,7440,7997,8123,8638,8880,8700,8855,8824,8865,8739,8847,9275,9416,9655,9823,10025,10266,10653,10782,10973,11123,11215,11429,11674,12491,12838,13101,12871,12959,13196,13368,13550,12893,13047,13235,13114,13056,13272,13263,13445,13413,13502,13470,13623,13694,13776,13947,14124,14205,14191,14367,14718,14868,14973,15175,15230,15149,15254,15390,15738,15758,15887,16098,16189,16246,16317,16580,16566,16753,16944,17188,17397,17757,18147,18348,18559,18798,19293,19768,19879,20271,20797,20764,21383,21755,22358,22847,23227,23391,23782,24352,24570,25169,25646,26176,26520,26797,27678,28305,28849,29759,30204,30762,31175,31243,31892,32427,33114,33843,34550,35111,35884,36380,36925,37431,37931,38249,38265,38629,39337,39850,40464,40505,41146,41265,41740,41965,42276,42739,42857,43181,43580,43409,43386,43660,43944,44087,44345,44502,44475,44503,44742,44907,45249,45480,45677,42968,43046,43319,43671,43818,43911,44056,44177,41086,41326,41540,41739,41930,42047,41899,42120,42334,42481,42781,42941,43141,43573,43722,43353,43644,44022,44241,44511,44849,45084,45482,45901,46290,46555,46727,46796,47092,47511,48053,48412,48666,48813,49394,49757,50293,50818,51257,51629,51911,52354,52230,52430,52948,53510,54010,54293,54919,55271,55388,55999,56810,57420,57878,58797
West Virginia,0,0,0,0,0,1,1,2,7,11,12,16,20,52,76,96,113,123,144,161,189,215,235,280,321,341,408,479,518,512,528,520,539,537,559,579,612,582,645,653,678,709,725,753,767,785,802,576,588,600,623,653,664,602,620,509,530,533,556,570,509,507,532,559,494,504,504,515,496,521,555,656,547,589,599,600,618,629,624,615,632,620,605,601,599,590,603,609,605,613,601,583,593,615,624,627,617,634,665,711,740,778,755,688,682,700,636,633,630,581,540,564,580,637,693,806,829,810,964,1013,1132,1252,1329,1333,1328,1460,1430,1555,1486,1569,1576,1552,1594,1534,1579,1603,1689,1616,1581,1625,1604,1711,1761,1840,1938,1865,1817,1823,1796,1823,1877,1914,1865,1895,1953,1973,1999,1975,1941,1830,1726,1806,1756,1702,1736,1748,1722,1749,1661,1763,1820,1914,2019,2122,2148,2266,2344,2530,2610,2747,2785,2806,2856,2849,3031,3143,3184,3160,3236,3332,3375,3411,3517,3542,3543,3464,3550,3655,3705,3854,3987,4014,3991,4068,4153,4173,4288,4330,4330,4327,4256,4435,4446,4579,4578,4687,4612,4623,4915,4839,4940,5095,5123,5106,4473,4602,4712,4829,5031,4428,4557,4747,4987,5176,5415,5557
Wisconsin,7,18,26,32,47,72,110,158,206,276,376,410,451,621,695,826,972,1135,1260,1324,1523,1690,1868,2054,2197,2361,2484,2588,2709,2875,3011,3132,3209,3298,3452,3591,3753,3901,3932,4075,4184,4405,4601,2781,3108,3326,3487,3676,3002,3328,3777,4116,3902,3923,4082,4191,4493,4858,5193,4805,4995,5179,4808,5168,5047,5541,5317,5455,5645,5204,5670,5551,6021,6418,6721,5941,6077,6040,6755,6304,6165,6302,6138,6612,6286,6279,6156,6141,6150,6064,5923,6245,5774,5596,5508,5401,5373,5620,5544,5811,4844,4765,4780,4729,4885,4904,4807,4903,5013,5064,5288,5324,5418,5478,5768,5882,6023,5993,6042,6307,6610,6949,7309,7451,7805,7977,8241,8416,8638,8843,9042,9374,9300,9519,9706,9692,9964,9891,10640,9719,9870,9689,9771,10012,9884,9727,9647,9580,9534,9654,9528,9401,10117,8902,8949,9021,8846,8720,8555,8396,8189,8090,7936,7995,7661,7463,7403,7430,7547,7603,7606,7516,7247,7552,7346,7411,7972,7979,8119,8114,8187,8187,8854,9175,9485,10225,10219,10527,10857,11613,12857,15137,14161,14432,14788,15280,16333,17188,18270,19068,19578,20270,21022,22144,23023,24053,24282,24607,24870,25518,26810,27552,28237,29024,29514,30767,31631,33196,34381,36295,38295,35381,37394,38521,38888,39199,39842,40574,41103,43199,43503,44931,46868,48243,47586,48401
Wyoming,1,1,3,3,3,11,16,18,19,23,24,26,30,49,56,73,84,87,95,94,111,124,140,161,150,160,169,136,145,124,124,133,134,117,110,223,204,214,191,189,181,166,171,145,145,174,170,186,166,181,188,181,188,184,192,208,200,209,218,227,211,217,201,214,229,236,248,252,238,242,243,240,250,251,232,230,222,227,234,224,229,226,203,184,169,161,167,173,186,164,158,177,195,218,208,223,219,234,256,264,263,268,279,281,296,310,315,318,340,360,370,375,391,423,417,442,421,417,428,440,442,457,469,471,467,457,462,455,473,486,511,519,518,527,523,555,567,580,593,580,595,577,590,609,607,643,573,565,552,523,549,531,503,480,488,512,538,588,599,570,610,602,623,627,646,639,632,682,625,640,631,647,624,619,621,608,554,560,574,574,610,658,604,498,515,536,462,467,549,603,654,639,711,723,737,842,891,920,936,1064,1091,1069,1107,1177,1172,1229,1291,1304,1299,1342,1435,1549,1594,1680,1690,1726,1859,1958,2114,2200,2341,2458,2521,2717,2831,3120,3266,3448,3725,3823,3964,4184,4486,4670,4960,5117
